City_ID,City,Country,Date,Lat,Lng,Max Temp,Humidity,Cloudiness,Wind Speed
0,Saskylakh,RU,2021-04-02 17:58:30,71.9167,114.0833,-37.93,100,50,3.27
1,Victor Harbor,AU,2021-04-02 17:58:30,-35.5667,138.6167,72.0,38,0,6.06
2,Moron,AR,2021-04-02 17:58:30,-34.6534,-58.6198,75.99,50,82,5.01
3,Mataura,NZ,2021-04-02 17:58:31,-46.1927,168.8643,46.0,86,57,4.0
4,Provideniya,RU,2021-04-02 17:58:31,64.3833,-173.3,10.4,93,100,16.17
5,Barrow,US,2021-04-02 17:58:31,71.2906,-156.7887,-20.2,76,90,5.75
6,Guerrero Negro,MX,2021-04-02 17:58:32,27.9769,-114.0611,66.65,55,16,14.38
7,Puerto Escondido,MX,2021-04-02 17:58:32,15.85,-97.0667,86.0,74,1,7.99
8,Hithadhoo,MV,2021-04-02 17:54:12,-0.6,73.0833,83.53,77,22,20.04
9,Cape Town,ZA,2021-04-02 17:54:50,-33.9258,18.4232,66.99,63,0,6.91
10,Khatanga,RU,2021-04-02 17:56:55,71.9667,102.5,-31.85,98,5,4.94
11,Coquimbo,CL,2021-04-02 17:58:33,-29.9533,-71.3436,62.6,72,20,14.97
12,Mineiros,BR,2021-04-02 17:58:19,-17.5694,-52.5511,87.15,42,62,1.99
13,Ulaangom,MN,2021-04-02 17:54:36,49.9811,92.0667,28.54,47,4,2.19
14,Shulan,CN,2021-04-02 17:58:33,44.4167,126.95,43.14,37,100,13.6
15,Ushuaia,AR,2021-04-02 17:54:34,-54.8,-68.3,50.0,71,20,17.27
16,Vaitape,PF,2021-04-02 17:58:34,-16.5167,-151.75,81.19,71,0,3.47
17,Richards Bay,ZA,2021-04-02 17:58:34,-28.783,32.0377,75.63,75,33,11.18
18,Bredasdorp,ZA,2021-04-02 17:58:35,-34.5322,20.0403,59.0,72,82,4.61
19,Buin,CL,2021-04-02 17:58:35,-33.7333,-70.75,72.0,49,75,4.61
20,Castro,BR,2021-04-02 17:58:35,-24.7911,-50.0119,72.73,46,19,1.7
21,Longyearbyen,SJ,2021-04-02 17:58:36,78.2186,15.6401,21.2,79,75,6.91
22,Aden,YE,2021-04-02 17:56:24,12.7794,45.0367,82.11,54,1,5.03
23,Marsa Matruh,EG,2021-04-02 17:58:36,31.3525,27.2453,60.8,59,0,11.5
24,Airai,TL,2021-04-02 17:58:36,-8.9266,125.4092,60.75,97,100,3.56
25,Dunedin,NZ,2021-04-02 17:58:37,-45.8742,170.5036,50.0,78,52,1.99
26,New Norfolk,AU,2021-04-02 17:58:37,-42.7826,147.0587,62.6,63,14,14.97
27,Shu,KZ,2021-04-02 17:58:38,43.5983,73.7614,36.52,61,6,9.04
28,Hermanus,ZA,2021-04-02 17:58:38,-34.4187,19.2345,62.01,73,75,3.0
29,Rikitea,PF,2021-04-02 17:58:38,-23.1203,-134.9692,76.73,79,93,11.39
30,Tasiilaq,GL,2021-04-02 17:58:39,65.6145,-37.6368,32.0,86,90,8.05
31,Vaini,TO,2021-04-02 17:58:39,-21.2,-175.2,73.4,100,75,6.69
32,Semnan,IR,2021-04-02 17:58:39,35.5729,53.3971,67.42,29,68,5.14
33,Taltal,CL,2021-04-02 17:58:40,-25.4,-70.4833,69.13,69,9,7.61
34,Ilulissat,GL,2021-04-02 17:58:40,69.2167,-51.1,10.4,56,20,6.91
35,Bilibino,RU,2021-04-02 17:58:40,68.0546,166.4372,-10.23,89,100,7.23
36,Clyde River,CA,2021-04-02 17:58:41,70.4692,-68.5914,-9.4,77,1,23.02
37,Pisco,PE,2021-04-02 17:58:41,-13.7,-76.2167,77.0,64,0,9.22
38,Cosautlan,MX,2021-04-02 17:58:41,19.3333,-96.9833,63.41,70,85,2.42
39,Ostrovnoy,RU,2021-04-02 17:58:42,68.0531,39.5131,21.09,95,97,2.59
40,Constitucion,CL,2021-04-02 17:58:42,-35.3333,-72.4167,66.06,63,14,10.87
41,Qaanaaq,GL,2021-04-02 17:58:42,77.484,-69.3632,-13.23,71,100,13.71
42,Lavrentiya,RU,2021-04-02 17:58:43,65.5833,-171.0,8.02,94,100,15.3
43,Srednekolymsk,RU,2021-04-02 17:58:43,67.45,153.6833,-27.33,100,55,3.0
44,Puerto Ayora,EC,2021-04-02 17:58:43,-0.7393,-90.3518,82.4,78,20,6.91
45,Butaritari,KI,2021-04-02 17:58:44,3.0707,172.7902,81.07,81,25,17.29
46,Lorengau,PG,2021-04-02 17:58:44,-2.0226,147.2712,81.03,77,98,4.36
47,Moose Factory,CA,2021-04-02 17:55:50,51.2585,-80.6094,28.4,43,1,9.22
48,Severo-Kurilsk,RU,2021-04-02 17:58:45,50.6789,156.125,28.08,83,59,16.28
49,Plettenberg Bay,ZA,2021-04-02 17:58:45,-34.0527,23.3716,58.24,84,70,3.04
50,Torbay,CA,2021-04-02 17:58:45,47.6666,-52.7314,46.0,81,75,9.22
51,Salinopolis,BR,2021-04-02 17:58:46,-0.6136,-47.3561,81.79,74,47,2.89
52,Libreville,GA,2021-04-02 17:58:46,0.3925,9.4537,82.4,78,20,2.3
53,Naze,JP,2021-04-02 17:58:46,28.3667,129.4833,66.78,94,100,15.39
54,Shingu,JP,2021-04-02 17:58:47,33.7333,135.9833,58.62,88,30,9.95
55,Chau Doc,VN,2021-04-02 17:58:47,10.7,105.1167,83.95,72,74,8.86
56,Guasdualito,VE,2021-04-02 17:58:43,7.2424,-70.7324,89.6,51,87,6.91
57,Busselton,AU,2021-04-02 17:58:47,-33.65,115.3333,62.01,84,98,1.01
58,Yellowknife,CA,2021-04-02 17:58:48,62.456,-114.3525,7.0,78,90,6.91
59,Raga,SS,2021-04-02 17:58:48,8.4596,25.678,82.35,22,48,4.03
60,Albany,US,2021-04-02 17:58:23,42.6001,-73.9662,34.0,37,100,12.46
61,Esperance,AU,2021-04-02 17:58:49,-33.8667,121.9,66.2,94,90,6.91
62,Labuhan,ID,2021-04-02 17:58:49,-6.8844,112.2051,79.52,84,39,5.35
63,Bengkulu,ID,2021-04-02 17:58:49,-3.8004,102.2655,76.55,89,97,9.15
64,Wanning,CN,2021-04-02 17:58:50,18.8003,110.3967,75.45,94,81,6.44
65,Avarua,CK,2021-04-02 17:58:50,-21.2078,-159.775,78.8,83,20,6.91
66,Margate,GB,2021-04-02 17:58:50,51.3813,1.3862,46.99,70,34,5.01
67,Bagotville,AU,2021-04-02 17:58:51,-28.9833,153.4167,71.6,60,90,12.66
68,Cullman,US,2021-04-02 17:55:00,34.1748,-86.8436,51.01,27,1,5.75
69,Mandalgovi,MN,2021-04-02 17:58:51,45.7625,106.2708,30.85,30,12,7.38
70,Port Alfred,ZA,2021-04-02 17:58:52,-33.5906,26.891,63.05,80,100,14.97
71,Lata,PT,2021-04-02 17:58:52,40.1629,-8.3327,66.0,83,90,1.01
72,Punta Arenas,CL,2021-04-02 17:58:52,-53.15,-70.9167,50.0,62,0,14.97
73,Srinagar,IN,2021-04-02 17:58:53,34.0833,74.8167,46.4,66,52,0.56
74,Ludvika,SE,2021-04-02 17:58:53,60.1496,15.1878,39.2,41,75,14.97
75,Angoram,PG,2021-04-02 17:58:53,-4.0625,144.0661,72.82,98,100,0.67
76,Grand Gaube,MU,2021-04-02 17:58:54,-20.0064,57.6608,78.01,84,9,3.0
77,Altamira,BR,2021-04-02 17:58:54,-3.2033,-52.2064,84.2,79,75,3.44
78,Adelaide,AU,2021-04-02 17:57:22,-34.9333,138.6,72.0,45,0,5.75
79,Lompoc,US,2021-04-02 17:56:25,34.6391,-120.4579,64.0,82,3,6.91
80,Opuwo,NA,2021-04-02 17:58:55,-18.0607,13.84,75.63,58,96,8.79
81,Doka,SD,2021-04-02 17:58:55,13.5167,35.7667,92.16,19,4,14.74
82,Bluff,NZ,2021-04-02 17:58:55,-46.6,168.3333,46.0,86,53,4.0
83,Nikolskoye,RU,2021-04-02 17:58:56,59.7035,30.7861,37.0,80,0,4.47
84,Ushtobe,KZ,2021-04-02 17:54:31,45.2514,77.9838,40.41,69,54,4.68
85,Lahan,NP,2021-04-02 17:58:56,26.7296,86.4951,75.7,7,0,6.76
86,Hobart,AU,2021-04-02 17:58:57,-42.8794,147.3294,62.6,63,17,14.97
87,Safaga,EG,2021-04-02 17:58:57,26.7292,33.9365,69.8,28,0,18.41
88,Zabol,AF,2021-04-02 17:58:45,32.25,67.25,57.2,29,2,9.73
89,Hilo,US,2021-04-02 17:57:02,19.7297,-155.09,70.0,82,1,6.91
90,Hamada,JP,2021-04-02 17:58:58,34.8833,132.0833,59.0,12,3,3.0
91,Nuuk,GL,2021-04-02 17:58:58,64.1835,-51.7216,17.6,93,75,9.22
92,Ayagoz,KZ,2021-04-02 17:58:58,47.9714,80.4392,32.85,76,21,6.69
93,Katsuura,JP,2021-04-02 17:58:59,35.1333,140.3,59.0,77,75,9.22
94,Lebu,CL,2021-04-02 17:58:59,-37.6167,-73.65,59.76,79,34,15.48
95,Atuona,PF,2021-04-02 17:58:59,-9.8,-139.0333,80.96,79,78,14.92
96,Japura,ID,2021-04-02 17:59:00,-0.3167,102.35,76.23,87,98,3.02
97,Kodiak,US,2021-04-02 17:59:00,57.79,-152.4072,32.0,34,1,4.61
98,Sitka,US,2021-04-02 17:59:00,57.0531,-135.33,33.8,93,90,3.44
99,Vostok,RU,2021-04-02 17:55:56,46.4856,135.8833,35.92,83,100,7.52
100,Port Elizabeth,ZA,2021-04-02 17:56:51,-33.918,25.5701,62.6,77,0,12.66
101,Asau,RO,2021-04-02 17:59:01,46.4333,26.4,43.0,63,99,4.65
102,Namibe,AO,2021-04-02 17:59:01,-15.1961,12.1522,78.06,78,50,14.27
103,Pacific Grove,US,2021-04-02 17:54:56,36.6177,-121.9166,57.2,71,90,11.5
104,Vao,NC,2021-04-02 17:59:02,-22.6667,167.4833,74.28,88,100,30.42
105,East London,ZA,2021-04-02 17:54:17,-33.0153,27.9116,60.8,94,90,11.5
106,Port Hedland,AU,2021-04-02 17:59:02,-20.3167,118.5667,73.4,56,2,8.05
107,Kikwit,CD,2021-04-02 17:59:03,-5.041,18.8162,74.25,83,92,2.3
108,Cherskiy,RU,2021-04-02 17:59:03,68.75,161.3,-18.85,93,50,6.8
109,Nola,IT,2021-04-02 17:59:03,40.922,14.5329,61.0,82,0,6.91
110,Kitimat,CA,2021-04-02 17:59:04,54.0524,-128.6534,35.01,96,100,4.47
111,Bethel,US,2021-04-02 17:59:04,41.3712,-73.414,32.0,37,90,8.05
112,Tuktoyaktuk,CA,2021-04-02 17:59:04,69.4541,-133.0374,-23.8,76,75,3.44
113,Iberia,US,2021-04-02 17:59:05,29.9502,-91.7507,59.0,33,1,10.36
114,Shirokovskiy,RU,2021-04-02 17:59:05,58.8424,57.7832,34.0,90,100,1.01
115,Bielsko-Biala,PL,2021-04-02 17:59:05,49.8224,19.0469,50.0,80,19,1.99
116,Petropavlovsk-Kamchatskiy,RU,2021-04-02 17:59:06,53.0452,158.6483,28.4,54,73,11.18
117,Bandarbeyla,SO,2021-04-02 17:59:06,9.4942,50.8122,79.38,70,2,5.03
118,Cairns,AU,2021-04-02 17:59:06,-16.9167,145.7667,75.2,83,40,11.5
119,Los Llanos De Aridane,ES,2021-04-02 17:59:07,28.6585,-17.9182,68.0,73,40,12.66
120,Elizabethton,US,2021-04-02 17:59:07,36.3487,-82.2107,42.01,30,1,9.26
121,Borogontsy,RU,2021-04-02 17:59:07,62.6683,131.1683,-20.16,100,70,3.58
122,Ponta Do Sol,PT,2021-04-02 17:59:08,32.6667,-17.1,66.2,63,20,11.5
123,Hami,CN,2021-04-02 17:58:48,42.8,93.45,50.54,16,3,11.34
124,Valparaiso,CL,2021-04-02 17:59:08,-33.0393,-71.6273,62.6,77,100,6.91
125,Mehamn,NO,2021-04-02 17:59:08,71.0357,27.8492,27.3,90,96,3.69
126,Saint-Pierre,RE,2021-04-02 17:59:09,-21.3393,55.4781,77.0,83,75,16.11
127,Carrick-On-Suir,IE,2021-04-02 17:59:09,52.3492,-7.4131,53.6,58,0,11.5
128,Port Moresby,PG,2021-04-02 17:59:09,-9.4431,147.1797,73.4,100,20,8.05
129,Nuevitas,CU,2021-04-02 17:59:10,21.5453,-77.2644,87.8,48,75,9.22
130,Upernavik,GL,2021-04-02 17:59:10,72.7868,-56.1549,-9.54,87,100,14.18
131,Aktash,RU,2021-04-02 17:55:05,50.3,87.7333,0.64,73,8,4.43
132,Dodge City,US,2021-04-02 17:59:11,37.7528,-100.0171,68.0,22,1,35.68
133,Qandala,SO,2021-04-02 17:59:11,11.472,49.8728,81.7,56,3,0.54
134,Hovd,MN,2021-04-02 17:59:11,48.0056,91.6419,28.71,35,16,2.8
135,Perth,AU,2021-04-02 17:58:03,-31.9333,115.8333,68.0,83,20,12.66
136,Zhuji,CN,2021-04-02 17:59:12,29.7188,120.2423,69.01,88,75,6.71
137,Saldanha,ZA,2021-04-02 17:59:12,-33.0117,17.9442,68.0,56,58,8.05
138,Chimbote,PE,2021-04-02 17:59:12,-9.0853,-78.5783,75.33,70,79,10.16
139,Dikson,RU,2021-04-02 17:59:13,73.5069,80.5464,-7.8,81,100,5.73
140,Neuquen,AR,2021-04-02 17:58:16,-38.9516,-68.0591,77.0,50,0,3.44
141,Kapaa,US,2021-04-02 17:59:13,22.0752,-159.319,73.4,73,75,12.66
142,Carnarvon,AU,2021-04-02 17:59:13,-24.8667,113.6333,78.8,94,75,16.11
143,Salta,AR,2021-04-02 17:58:46,-24.7859,-65.4117,69.8,64,75,8.05
144,Laguna,US,2021-04-02 17:59:14,38.421,-121.4238,71.01,32,40,3.44
145,Itaituba,BR,2021-04-02 17:59:14,-4.2761,-55.9836,87.8,66,40,8.05
146,Saint-Louis,SN,2021-04-02 17:59:15,16.3333,-15.0,111.2,10,0,4.61
147,Morondava,MG,2021-04-02 17:59:15,-20.2833,44.2833,80.87,79,26,8.93
148,Saint-Philippe,RE,2021-04-02 17:59:15,-21.3585,55.7679,77.0,83,75,16.11
149,Cap Malheureux,MU,2021-04-02 17:59:16,-19.9842,57.6142,78.01,84,9,3.0
150,Souillac,MU,2021-04-02 17:59:16,-20.5167,57.5167,78.8,94,40,5.75
151,Chokurdakh,RU,2021-04-02 17:59:16,70.6333,147.9167,-5.46,99,100,3.94
152,Shimoda,JP,2021-04-02 17:59:17,34.6667,138.95,52.0,85,44,12.01
153,Annau,TM,2021-04-02 17:59:17,37.8876,58.516,66.2,30,40,6.91
154,Ternate,ID,2021-04-02 17:59:17,0.8,127.4,81.09,80,66,9.6
155,Angoche,MZ,2021-04-02 17:55:22,-16.2325,39.9086,77.7,81,15,8.12
156,Lima,PE,2021-04-02 17:54:49,-12.0432,-77.0282,77.0,73,0,8.05
157,Jamestown,US,2021-04-02 17:54:52,42.097,-79.2353,33.01,40,1,12.66
158,Plonsk,PL,2021-04-02 17:57:46,52.6235,20.3755,46.0,65,0,5.75
159,Terra Santa,BR,2021-04-02 17:59:18,-2.1042,-56.4869,83.3,79,95,4.54
160,Palestine,PS,2021-04-02 17:59:19,31.9216,35.2033,57.99,67,40,6.91
161,Yantal,RU,2021-04-02 17:59:19,56.8471,105.2542,29.89,88,100,10.49
162,Catalina Foothills,US,2021-04-02 17:59:19,32.2979,-110.9187,84.0,11,1,3.44
163,Kismayo,SO,2021-04-02 17:59:20,-0.3582,42.5454,82.38,81,49,10.25
164,Vardo,NO,2021-04-02 17:54:28,70.3705,31.1107,32.07,72,97,3.76
165,Georgetown,MY,2021-04-02 17:56:46,5.4112,100.3354,84.2,89,20,5.99
166,Broken Hill,AU,2021-04-02 17:59:20,-31.95,141.4333,66.2,45,0,10.36
167,Ancud,CL,2021-04-02 17:59:21,-41.8697,-73.8203,59.0,82,90,5.75
168,Klaksvik,FO,2021-04-02 17:59:21,62.2266,-6.589,42.8,81,75,14.97
169,Tuy Hoa,VN,2021-04-02 17:59:21,13.0833,109.3,75.36,93,16,2.24
170,Kavieng,PG,2021-04-02 17:59:21,-2.5744,150.7967,82.2,79,100,8.01
171,Maunabo,PR,2021-04-02 17:59:22,18.0072,-65.8993,81.0,79,29,8.99
172,Alofi,NU,2021-04-02 17:54:28,-19.0595,-169.9187,69.8,100,18,2.3
173,Northam,GB,2021-04-02 17:59:22,51.0333,-4.2167,52.0,63,1,5.01
174,Syracuse,IT,2021-04-02 17:59:23,37.0881,15.2792,64.4,52,0,8.05
175,Luderitz,NA,2021-04-02 17:54:41,-26.6481,15.1594,70.27,52,0,17.81
176,Nambucca Heads,AU,2021-04-02 17:58:02,-30.65,153.0,64.4,94,90,2.3
177,Kiama,AU,2021-04-02 17:59:23,-34.6833,150.8667,60.01,90,2,1.01
178,Mut,TR,2021-04-02 17:59:24,36.6439,33.4389,52.97,64,12,2.35
179,Tambacounda,SN,2021-04-02 17:59:24,13.7539,-13.7586,107.6,35,0,6.91
180,Sao Filipe,CV,2021-04-02 17:59:24,14.8961,-24.4956,75.51,65,3,9.66
181,Snezhnogorsk,RU,2021-04-02 17:59:25,69.1933,33.2531,28.4,86,0,2.24
182,Merauke,ID,2021-04-02 17:59:25,-8.4667,140.3333,76.23,92,99,5.77
183,Kenai,US,2021-04-02 17:59:25,60.5544,-151.2583,8.6,78,40,5.14
184,Beringovskiy,RU,2021-04-02 17:59:26,63.05,179.3167,9.41,88,97,13.09
185,Kyren,RU,2021-04-02 17:59:26,51.6828,102.1408,26.33,55,3,3.29
186,Husavik,IS,2021-04-02 17:59:27,66.0449,-17.3389,50.0,40,0,21.85
187,Buchanan,LR,2021-04-02 17:59:27,5.8808,-10.0467,87.8,66,70,11.5
188,Kahului,US,2021-04-02 17:59:27,20.8947,-156.47,69.8,94,40,10.36
189,Broome,US,2021-04-02 17:56:08,42.2506,-75.833,33.01,46,40,14.97
190,Shumskiy,RU,2021-04-02 17:59:28,54.8318,99.1328,26.26,88,59,3.8
191,Portland,US,2021-04-02 17:59:00,45.5234,-122.6762,54.0,60,72,1.01
192,Ixtapa,MX,2021-04-02 17:59:28,20.7,-105.2,77.0,83,40,12.66
193,Nantucket,US,2021-04-02 17:56:29,41.2835,-70.0995,37.4,56,1,11.5
194,Tiksi,RU,2021-04-02 17:59:29,71.6872,128.8694,-17.07,100,100,7.31
195,Villa Carlos Paz,AR,2021-04-02 17:58:55,-31.4241,-64.4978,77.0,63,56,15.01
196,Kaitangata,NZ,2021-04-02 17:54:54,-46.2817,169.8464,40.86,91,44,5.5
197,Talladega,US,2021-04-02 17:59:29,33.4359,-86.1058,50.0,27,1,12.66
198,San Quintin,MX,2021-04-02 17:59:30,30.4833,-115.95,65.12,62,0,6.96
199,Kimbe,PG,2021-04-02 17:59:30,-5.5502,150.1429,76.91,91,100,1.99
200,Rawson,AR,2021-04-02 17:59:30,-43.3002,-65.1023,74.43,45,75,13.96
201,Ribeira Grande,PT,2021-04-02 17:59:31,38.5167,-28.7,60.8,88,75,20.71
202,Kruisfontein,ZA,2021-04-02 17:59:31,-34.0033,24.7314,60.01,88,73,1.99
203,Mathathane,BW,2021-04-02 17:59:31,-22.2687,28.7495,78.71,37,7,7.7
204,Brainerd,US,2021-04-02 17:57:23,46.358,-94.2008,52.0,25,1,18.41
205,Mayo,US,2021-04-02 17:59:32,38.8876,-76.5119,45.0,38,1,20.71
206,Te Anau,NZ,2021-04-02 17:59:32,-45.4167,167.7167,38.91,89,44,0.89
207,Porto Seguro,BR,2021-04-02 17:59:32,-16.4497,-39.0647,78.8,89,75,2.3
208,Alta Floresta,BR,2021-04-02 17:59:33,-9.8756,-56.0861,89.6,62,40,5.75
209,Pinega,RU,2021-04-02 17:59:33,64.7001,43.3936,30.94,93,99,1.14
210,Paamiut,GL,2021-04-02 17:59:33,61.994,-49.6678,28.04,96,100,8.84
211,Casa Nova,BR,2021-04-02 17:59:34,-9.4167,-41.1333,93.2,43,40,5.75
212,Manokwari,ID,2021-04-02 17:59:34,-0.8667,134.0833,78.4,78,100,3.76
213,Colquiri,BO,2021-04-02 17:59:35,-17.4167,-67.1333,64.4,42,40,4.61
214,Waw,SS,2021-04-02 17:59:35,7.7029,27.9953,85.17,27,40,4.18
215,Meadow Lake,US,2021-04-02 17:59:36,34.8014,-106.5436,64.99,23,20,6.91
216,Sioux Lookout,CA,2021-04-02 17:59:36,50.1001,-91.917,44.6,33,90,19.57
217,Waitara,NZ,2021-04-02 17:59:36,-38.925,174.25,51.01,73,41,13.0
218,Noyabrsk,RU,2021-04-02 17:59:37,63.1994,75.4507,27.0,96,100,8.19
219,Calama,CL,2021-04-02 17:59:37,-22.4667,-68.9333,75.2,9,0,13.8
220,Asahikawa,JP,2021-04-02 17:56:03,43.7678,142.3703,38.32,82,100,3.53
221,Kavaratti,IN,2021-04-02 17:59:37,10.5669,72.642,83.43,61,95,10.92
222,Hervey Bay,AU,2021-04-02 17:59:38,-25.2986,152.8535,72.0,76,71,5.01
223,Mitu,CO,2021-04-02 17:59:38,1.1983,-70.1733,81.25,84,98,3.94
224,Mahebourg,MU,2021-04-02 17:59:38,-20.4081,57.7,78.8,94,40,5.75
225,Gat,IL,2021-04-02 17:59:39,31.61,34.7642,57.99,100,16,8.61
226,Caravelas,BR,2021-04-02 17:57:07,-17.7125,-39.2481,81.36,70,42,7.61
227,Pevek,RU,2021-04-02 17:59:39,69.7008,170.3133,-20.06,96,12,3.62
228,Dakar,SN,2021-04-02 17:59:24,14.6937,-17.4441,77.0,61,0,9.22
229,Vanavara,RU,2021-04-02 17:59:40,60.34,102.2797,27.07,94,100,10.42
230,Kieta,PG,2021-04-02 17:55:30,-6.2167,155.6333,79.41,81,100,0.65
231,Sangar,RU,2021-04-02 17:55:52,63.9242,127.4739,-18.72,100,85,0.74
232,Sechura,PE,2021-04-02 17:59:41,-5.5569,-80.8222,81.79,56,59,9.75
233,Ila,NO,2021-04-02 17:59:41,63.4305,10.3705,39.0,75,75,12.66
234,Trairi,BR,2021-04-02 17:59:42,-3.2778,-39.2689,86.09,60,24,11.43
235,Linjiang,CN,2021-04-02 17:59:42,41.8069,126.9078,47.88,87,100,1.5
236,Santa Lucia,ES,2021-04-02 17:59:42,27.9117,-15.5407,70.0,68,20,21.85
237,Avila,ES,2021-04-02 17:59:43,40.5833,-5.0,51.01,89,99,5.26
238,Kalianget,ID,2021-04-02 17:59:43,-7.05,113.9333,80.69,78,89,4.23
239,Mount Gambier,AU,2021-04-02 17:59:43,-37.8333,140.7667,60.8,55,0,10.36
240,Obo,CF,2021-04-02 17:59:44,5.3998,26.4869,78.22,44,99,5.32
241,Vitim,RU,2021-04-02 17:59:44,59.4511,112.5578,7.41,97,96,1.9
242,Mar Del Plata,AR,2021-04-02 17:55:39,-38.0023,-57.5575,68.0,77,75,14.97
243,Hirara,JP,2021-04-02 17:59:44,24.8,125.2833,75.69,89,11,4.21
244,Arraial Do Cabo,BR,2021-04-02 17:58:55,-22.9661,-42.0278,82.4,65,20,19.57
245,Poum,NC,2021-04-02 17:59:45,-20.2333,164.0167,77.09,89,100,12.08
246,Tura,IN,2021-04-02 17:59:45,25.5198,90.2201,71.64,28,0,5.12
247,Ankang,CN,2021-04-02 17:59:46,32.68,109.0172,50.77,91,100,1.45
248,Minot,US,2021-04-02 17:59:46,48.2325,-101.2963,60.8,18,1,12.66
249,Udachnyy,RU,2021-04-02 17:59:46,66.4167,112.4,-27.76,100,98,4.41
250,Narsaq,GL,2021-04-02 17:59:47,60.9167,-46.05,41.0,65,75,3.44
251,Veraval,IN,2021-04-02 17:59:47,20.9,70.3667,78.49,79,79,6.13
252,Mercedes,AR,2021-04-02 17:59:47,-34.6515,-59.4307,75.99,55,45,13.0
253,Cabatuan,PH,2021-04-02 17:59:48,10.8794,122.486,75.79,87,100,9.15
254,Nekrasovskoye,RU,2021-04-02 17:59:48,57.6766,40.3657,33.8,86,0,2.24
255,Fortuna,US,2021-04-02 17:59:48,40.5982,-124.1573,55.99,87,20,3.44
256,Sorland,NO,2021-04-02 17:59:49,67.667,12.6934,33.8,80,75,14.97
257,Nanortalik,GL,2021-04-02 17:59:49,60.1432,-45.2371,35.87,99,100,2.06
258,Yulara,AU,2021-04-02 17:59:49,-25.2406,130.9889,66.2,45,0,8.05
259,Anadyr,RU,2021-04-02 17:59:50,64.75,177.4833,6.8,85,75,22.37
260,Uvat,RU,2021-04-02 17:59:50,59.1433,68.8953,34.18,97,100,8.19
261,Saint-Joseph,RE,2021-04-02 17:59:50,-21.3667,55.6167,77.0,83,75,16.11
262,Coahuayana,MX,2021-04-02 17:59:51,18.7333,-103.6833,86.0,37,40,9.22
263,Okha,RU,2021-04-02 17:59:51,53.5739,142.9478,30.6,89,100,19.19
264,Porto Novo,BJ,2021-04-02 17:59:51,6.4965,2.6036,86.0,74,40,9.22
265,San Patricio,US,2021-04-02 17:59:52,28.017,-97.5169,71.01,46,75,21.85
266,Iguape,BR,2021-04-02 17:59:52,-24.7081,-47.5553,76.37,68,17,11.54
267,Ruvo Di Puglia,IT,2021-04-02 17:59:52,41.1136,16.4878,70.0,55,0,4.61
268,Lucapa,AO,2021-04-02 17:59:53,-8.4192,20.7447,68.83,92,86,1.9
269,Bilma,NE,2021-04-02 17:59:53,18.6853,12.9164,78.57,9,0,6.93
270,Parabel,RU,2021-04-02 17:59:53,58.6978,81.4825,31.62,96,100,12.12
271,Zyryanka,RU,2021-04-02 17:59:54,65.75,150.85,-17.12,99,77,7.38
272,Babaeski,TR,2021-04-02 17:59:54,41.4325,27.0931,49.1,78,66,11.7
273,Oktyabrskiy,RU,2021-04-02 17:59:54,54.4815,53.471,32.02,87,38,10.29
274,Kabare,CD,2021-04-02 17:56:27,-2.4683,28.8242,61.72,94,99,1.72
275,Manado,ID,2021-04-02 17:59:55,1.487,124.8455,77.0,94,40,3.04
276,Kungurtug,RU,2021-04-02 17:57:10,50.5994,97.5228,12.63,90,7,2.1
277,Talnakh,RU,2021-04-02 17:59:55,69.4865,88.3972,-13.81,81,29,6.2
278,Dubai,AE,2021-04-02 17:58:40,25.2582,55.3047,84.2,39,0,3.44
279,Durango,MX,2021-04-02 17:57:59,24.8333,-104.8333,70.75,35,97,7.76
280,Norman Wells,CA,2021-04-02 17:59:56,65.282,-126.8329,-0.4,71,75,8.05
281,Morros,BR,2021-04-02 17:59:56,-9.4467,-46.3003,82.71,67,81,1.12
282,Rincon,US,2021-04-02 17:56:21,32.296,-81.2354,54.0,32,1,17.27
283,Leningradskiy,RU,2021-04-02 17:59:57,69.3833,178.4167,-21.48,100,99,2.37
284,Tynda,RU,2021-04-02 17:59:57,55.1667,124.7167,8.8,70,74,11.61
285,Gushikawa,JP,2021-04-02 17:59:57,26.3544,127.8686,71.6,88,40,5.61
286,Lukoyanov,RU,2021-04-02 17:59:58,55.0277,44.4786,40.62,85,100,14.32
287,Linda,US,2021-04-02 17:59:58,39.1277,-121.5508,73.0,34,1,5.75
288,Hukuntsi,BW,2021-04-02 17:59:59,-24.0,21.75,79.07,32,25,6.8
289,Axim,GH,2021-04-02 17:59:59,4.8699,-2.2405,81.01,80,72,8.63
290,Inongo,CD,2021-04-02 18:00:00,-1.95,18.2667,73.0,94,79,5.82
291,Geraldton,AU,2021-04-02 18:00:00,-28.7667,114.6,73.4,88,90,9.22
292,Tuatapere,NZ,2021-04-02 18:00:00,-46.1333,167.6833,46.0,86,46,4.0
293,Lere,NG,2021-04-02 18:00:01,10.387,8.5726,82.71,10,36,6.76
294,Banda Aceh,ID,2021-04-02 17:55:06,5.5577,95.3222,80.11,80,100,11.81
295,Sur,OM,2021-04-02 17:57:15,22.5667,59.5289,83.37,36,6,5.17
296,Pangody,RU,2021-04-02 18:00:01,65.85,74.4859,26.58,96,100,7.94
297,Victoria,HK,2021-04-02 17:57:36,22.2855,114.1577,79.0,81,2,3.24
298,Bambous Virieux,MU,2021-04-02 18:00:02,-20.3428,57.7575,78.8,94,40,5.75
299,Kondinskoye,RU,2021-04-02 18:00:02,59.6481,67.41,33.04,90,89,11.77
300,Imbituba,BR,2021-04-02 18:00:03,-28.24,-48.6703,78.8,57,40,12.66
301,Lodhran,PK,2021-04-02 18:00:03,29.5405,71.6336,78.8,7,0,8.9
302,Tshikapa,CD,2021-04-02 18:00:04,-6.4167,20.8,74.39,81,59,2.1
303,Terrace,CA,2021-04-02 18:00:04,54.5163,-128.6035,33.8,93,90,2.3
304,Agropoli,IT,2021-04-02 18:00:07,40.3469,14.9966,60.01,88,0,1.34
305,Pori,FI,2021-04-02 18:00:08,61.4833,21.7833,41.0,65,75,10.36
306,Bokoro,TD,2021-04-02 18:00:08,12.3807,17.0568,86.32,9,32,9.93
307,Sinnamary,GF,2021-04-02 17:57:48,5.3833,-52.95,76.69,90,100,9.33
308,Lanzhou,CN,2021-04-02 18:00:09,36.0564,103.7922,39.99,97,100,3.91
309,Port Hardy,CA,2021-04-02 18:00:00,50.6996,-127.4199,42.8,75,90,2.3
310,Storforshei,NO,2021-04-02 18:00:10,66.4043,14.5233,25.77,95,97,4.32
311,Laerdalsoyri,NO,2021-04-02 18:00:10,61.098,7.4816,30.87,92,71,3.38
312,Puerto Carreno,CO,2021-04-02 18:00:11,6.189,-67.4859,95.4,38,94,6.91
313,Namatanai,PG,2021-04-02 18:00:11,-3.6667,152.4333,80.37,78,99,5.79
314,Sydney,AU,2021-04-02 17:59:24,-33.8679,151.2073,61.0,90,0,4.0
315,Cidreira,BR,2021-04-02 18:00:12,-30.1811,-50.2056,71.83,72,85,12.97
316,Jumilla,ES,2021-04-02 18:00:12,38.4792,-1.325,68.0,45,30,1.99
317,Port Macquarie,AU,2021-04-02 18:00:13,-31.4333,152.9167,62.01,99,93,5.06
318,Shasta Lake,US,2021-04-02 18:00:13,40.6804,-122.3708,66.0,45,1,3.44
319,Juneau,US,2021-04-02 18:00:14,58.3019,-134.4197,30.99,93,90,4.45
320,Luanda,AO,2021-04-02 17:56:18,-8.8368,13.2343,86.0,70,40,10.36
321,Sri Aman,MY,2021-04-02 18:00:14,1.2376,111.4621,77.0,94,71,0.96
322,Umm Lajj,SA,2021-04-02 18:00:14,25.0213,37.2685,70.47,43,0,14.79
323,Adiake,CI,2021-04-02 18:00:15,5.2863,-3.304,86.0,79,20,10.36
324,Thinadhoo,MV,2021-04-02 18:00:15,0.5333,72.9333,83.1,78,36,18.3
325,Half Moon Bay,US,2021-04-02 17:57:09,37.4636,-122.4286,62.01,67,1,6.31
326,Ribera,IT,2021-04-02 18:00:16,37.4984,13.2642,59.0,51,40,3.0
327,Igrim,RU,2021-04-02 18:00:16,63.1906,64.4162,27.27,92,77,6.69
328,Hasaki,JP,2021-04-02 18:00:17,35.7333,140.8333,53.6,76,75,8.05
329,Havelock,US,2021-04-02 18:00:18,34.8791,-76.9013,46.0,39,1,23.02
330,Kupang,ID,2021-04-02 18:00:19,-10.1667,123.5833,78.57,89,100,15.55
331,Ginda,IN,2021-04-02 18:00:19,30.6945,78.4932,46.74,16,0,7.78
332,Sao Joao Da Barra,BR,2021-04-02 18:00:20,-21.6403,-41.0511,87.8,45,20,2.3
333,Grindavik,IS,2021-04-02 18:00:20,63.8424,-22.4338,41.0,81,90,16.11
334,Bathsheba,BB,2021-04-02 18:00:21,13.2167,-59.5167,84.2,48,20,18.41
335,Alice Springs,AU,2021-04-02 17:59:45,-23.7,133.8833,60.8,67,0,6.31
336,Saint Anthony,US,2021-04-02 18:00:22,45.0205,-93.218,55.99,24,1,19.57
337,Trincomalee,LK,2021-04-02 18:00:22,8.5711,81.2335,81.3,72,36,7.56
338,Keti Bandar,PK,2021-04-02 18:00:23,24.1447,67.4497,83.19,56,1,12.06
339,Sucre,BO,2021-04-02 18:00:23,-19.0333,-65.2627,61.12,60,98,8.59
340,Cabo San Lucas,MX,2021-04-02 17:59:26,22.8909,-109.9124,87.8,26,20,6.91
341,Atar,MR,2021-04-02 18:00:24,20.5169,-13.0499,103.69,4,42,1.5
342,Macon,US,2021-04-02 18:00:24,39.8667,-88.9668,46.99,33,1,12.66
343,Birao,CF,2021-04-02 18:00:25,10.2849,22.7882,88.03,13,89,5.66
344,Bairiki,KI,2021-04-02 18:00:25,1.3292,172.9752,80.6,83,40,10.36
345,Maumere,ID,2021-04-02 18:00:26,-8.6199,122.2111,77.9,87,100,8.81
346,Mackay,AU,2021-04-02 18:00:26,-21.15,149.2,69.8,88,75,12.66
347,Ruwi,OM,2021-04-02 18:00:27,23.5996,58.5507,82.4,54,0,4.61
348,Teeli,RU,2021-04-02 18:00:27,51.0333,90.2333,30.0,35,0,4.16
349,Muncar,ID,2021-04-02 18:00:27,-8.4333,114.3333,75.51,91,77,2.66
350,Thompson,CA,2021-04-02 18:00:17,55.7435,-97.8558,44.6,53,20,11.5
351,Kampong Chhnang,KH,2021-04-02 18:00:28,12.1667,104.55,81.25,71,74,3.4
352,College,US,2021-04-02 18:00:28,64.8569,-147.8028,3.0,78,90,2.62
353,Chuy,UY,2021-04-02 18:00:29,-33.6971,-53.4616,73.02,54,53,9.75
354,Shanghai,CN,2021-04-02 18:00:29,31.2222,121.4581,63.0,88,75,6.71
355,Ucluelet,CA,2021-04-02 17:58:13,48.9329,-125.5528,46.0,75,90,4.61
356,Llata,PE,2021-04-02 18:00:30,-9.4167,-76.7833,59.27,76,93,6.62
357,Mocuba,MZ,2021-04-02 18:00:30,-16.8392,36.9856,70.03,88,32,3.38
358,Sisimiut,GL,2021-04-02 18:00:30,66.9395,-53.6735,12.2,73,100,6.42
359,Kjollefjord,NO,2021-04-02 18:00:31,70.9457,27.3465,29.5,87,95,2.17
360,Odweyne,SO,2021-04-02 18:00:31,9.4092,45.064,78.42,34,16,12.39
361,Taywarah,AF,2021-04-02 18:00:32,33.35,64.4167,48.34,41,91,4.45
362,Aloleng,PH,2021-04-02 18:00:32,16.1307,119.7824,79.41,75,6,4.05
363,Muroto,JP,2021-04-02 18:00:32,33.2833,134.15,63.95,72,90,19.98
364,Great Bend,US,2021-04-02 17:58:22,38.3645,-98.7648,68.0,27,1,36.82
365,Fort Saint James,CA,2021-04-02 18:00:33,54.4333,-124.25,37.45,54,100,4.16
366,Waingapu,ID,2021-04-02 18:00:33,-9.6567,120.2641,77.0,90,100,6.6
367,Alyangula,AU,2021-04-02 18:00:34,-13.8483,136.4192,78.42,67,100,9.71
368,Petropavlovka,RU,2021-04-02 18:00:34,50.6114,105.3196,31.39,54,16,1.43
369,Mogadishu,SO,2021-04-02 18:00:34,2.0371,45.3438,82.22,78,18,14.83
370,Binga,ZW,2021-04-02 18:00:35,-17.6203,27.3414,73.04,68,58,4.34
371,Peabiru,BR,2021-04-02 18:00:35,-23.9128,-52.3431,79.65,46,51,2.51
372,Aykhal,RU,2021-04-02 17:56:15,66.0,111.5,-24.07,100,100,4.45
373,Jvari,GE,2021-04-02 18:00:35,42.7169,42.052,48.2,93,75,3.44
374,Goianesia,BR,2021-04-02 17:56:01,-15.3175,-49.1175,85.84,54,48,1.34
375,Elliot,ZA,2021-04-02 18:00:36,-31.3333,27.85,53.17,95,100,4.07
376,Olmos,PE,2021-04-02 18:00:37,-5.9847,-79.7453,87.01,55,48,3.0
377,Salisbury,GB,2021-04-02 18:00:37,51.0693,-1.7957,50.0,57,3,16.11
378,Deputatskiy,RU,2021-04-02 18:00:37,69.3,139.9,-13.72,99,100,0.4
379,Fort-Shevchenko,KZ,2021-04-02 18:00:38,44.5086,50.263,45.01,82,72,13.62
380,Robertson,US,2021-04-02 18:00:38,36.5167,-86.8667,46.99,36,1,5.75
381,Dwarka,IN,2021-04-02 18:00:39,22.2394,68.9678,80.31,71,21,9.8
382,Hambantota,LK,2021-04-02 18:00:39,6.1241,81.1185,80.58,85,33,17.0
383,Praxedis Guerrero,MX,2021-04-02 18:00:39,31.3667,-106.0167,71.01,34,75,6.91
384,Kemijarvi,FI,2021-04-02 18:00:40,66.7131,27.4306,26.85,95,98,2.71
385,Hit,IQ,2021-04-02 18:00:40,33.6416,42.8251,68.74,28,10,3.09
386,Antalaha,MG,2021-04-02 18:00:41,-14.9003,50.2788,76.19,86,46,9.53
387,Agadir,MA,2021-04-02 18:00:41,30.4202,-9.5982,73.4,53,0,14.97
388,Quatre Cocos,MU,2021-04-02 18:00:41,-20.2078,57.7625,78.8,94,40,5.75
389,Torres,BR,2021-04-02 18:00:42,-29.3353,-49.7269,73.49,67,94,7.78
390,Puerto Madryn,AR,2021-04-02 18:00:42,-42.7692,-65.0385,74.43,45,99,19.75
391,Fukue,JP,2021-04-02 18:00:42,32.6881,128.8419,64.31,84,100,17.43
392,Inhambane,MZ,2021-04-02 18:00:43,-23.865,35.3833,73.92,63,0,7.25
393,Usinsk,RU,2021-04-02 18:00:43,65.9939,57.5281,27.07,96,100,9.93
394,Le Port,RE,2021-04-02 18:00:43,-20.9373,55.2919,78.8,73,20,14.97
395,Christchurch,NZ,2021-04-02 17:57:58,-43.5333,172.6333,46.99,100,35,5.75
396,Beloha,MG,2021-04-02 18:00:44,-25.1667,45.05,72.75,75,10,13.15
397,Vanimo,PG,2021-04-02 18:00:44,-2.6741,141.3028,76.28,91,100,5.57
398,Do Gonbadan,IR,2021-04-02 17:55:46,30.3586,50.7981,77.0,29,40,9.8
399,Matagami,CA,2021-04-02 18:00:45,49.7502,-77.6328,24.8,33,1,11.5
400,Makakilo City,US,2021-04-02 18:00:45,21.3469,-158.0858,71.6,77,1,3.44
401,Tooele,US,2021-04-02 18:00:45,40.5308,-112.2983,66.0,29,1,3.44
402,Batagay,RU,2021-04-02 18:00:46,67.6333,134.6333,0.59,97,100,5.17
403,Ballina,AU,2021-04-02 18:00:46,-28.8667,153.5667,71.6,60,90,12.66
404,Yumen,CN,2021-04-02 18:00:47,40.2833,97.2,43.18,20,100,19.82
405,Barsovo,RU,2021-04-02 18:00:47,61.1667,73.1667,33.8,100,75,11.18
406,Ayan,RU,2021-04-02 18:00:47,56.45,138.1667,26.56,96,100,14.07
407,Canete,CL,2021-04-02 18:00:48,-37.8,-73.4,64.9,64,22,8.97
408,Yar-Sale,RU,2021-04-02 17:56:02,66.8333,70.8333,28.74,98,100,5.59
409,Thunder Bay,CA,2021-04-02 17:59:52,48.4001,-89.3168,44.6,36,75,11.5
410,Faanui,PF,2021-04-02 18:00:48,-16.4833,-151.75,81.21,71,0,3.42
411,Pemba,MZ,2021-04-02 18:00:49,-12.974,40.5178,82.4,78,75,13.8
412,Wasilla,US,2021-04-02 17:58:11,61.5814,-149.4394,19.99,72,1,1.21
413,Srikakulam,IN,2021-04-02 18:00:49,18.3,83.9,81.14,85,33,5.77
414,North Bend,US,2021-04-02 18:00:50,43.4065,-124.2243,53.01,76,20,5.75
415,Saint-Francois,FR,2021-04-02 18:00:50,46.4154,3.9054,62.6,48,0,11.5
416,Abu Samrah,SY,2021-04-02 18:00:50,35.3029,37.1841,47.21,81,86,16.62
417,Rafaela,AR,2021-04-02 18:00:14,-31.2503,-61.4867,77.0,34,1,1.99
418,Acapulco,MX,2021-04-02 17:56:41,16.8634,-99.8901,87.8,58,1,3.44
419,Belmonte,BR,2021-04-02 18:00:51,-15.8631,-38.8828,87.8,70,20,12.66
420,Hamilton,US,2021-04-02 18:00:00,39.1834,-84.5333,45.0,33,1,4.88
421,Pitimbu,BR,2021-04-02 18:00:51,-7.4706,-34.8086,87.8,55,0,11.5
422,Manaus,BR,2021-04-02 17:58:03,-3.1019,-60.025,86.0,70,40,4.61
423,Maningrida,AU,2021-04-02 18:00:52,-12.0667,134.2667,73.33,92,100,9.35
424,Port Jervis,US,2021-04-02 18:00:52,41.3751,-74.6927,30.99,53,96,1.99
425,Luwuk,ID,2021-04-02 18:00:53,-0.9516,122.7875,78.87,78,100,3.67
426,Palmer,US,2021-04-02 18:00:53,42.1584,-72.3287,33.8,37,75,9.22
427,Esso,RU,2021-04-02 18:00:54,55.9333,158.7,-1.37,89,29,7.23
428,Vallenar,CL,2021-04-02 18:00:54,-28.5708,-70.7581,83.86,23,40,9.04
429,Sakakah,SA,2021-04-02 18:00:55,29.9697,40.2064,66.2,24,0,6.91
430,De-Kastri,RU,2021-04-02 18:00:55,51.4667,140.7833,32.23,95,100,13.76
431,Carutapera,BR,2021-04-02 18:00:55,-1.195,-46.02,85.1,68,33,7.02
432,Zhicheng,CN,2021-04-02 18:00:56,30.2956,111.5047,52.0,84,100,5.44
433,Portree,GB,2021-04-02 18:00:56,57.4129,-6.1942,46.99,72,6,5.99
434,Malanje,AO,2021-04-02 18:00:56,-9.5402,16.341,67.46,91,88,2.59
435,Olafsvik,IS,2021-04-02 18:00:57,64.8945,-23.7142,41.22,86,33,18.01
436,Custoias,PT,2021-04-02 18:00:57,41.1053,-7.321,59.0,82,87,5.17
437,Kalmunai,LK,2021-04-02 18:00:57,7.4167,81.8167,79.74,87,56,6.64
438,Santarem,BR,2021-04-02 18:00:58,-2.4431,-54.7083,82.4,78,40,9.22
439,Nome,US,2021-04-02 18:00:58,64.5011,-165.4064,8.6,78,90,27.63
440,Gandu,BR,2021-04-02 18:00:58,-13.7439,-39.4867,92.86,37,99,7.2
441,Touros,BR,2021-04-02 18:00:59,-5.1989,-35.4608,87.8,58,40,12.66
442,Port Lincoln,AU,2021-04-02 18:00:59,-34.7333,135.8667,69.31,53,0,6.44
443,Korla,CN,2021-04-02 18:00:59,41.7597,86.1469,48.56,30,96,19.35
444,Dudinka,RU,2021-04-02 18:01:00,69.4058,86.1778,-17.86,91,84,5.19
445,Kashin,RU,2021-04-02 18:01:00,57.3592,37.6081,29.88,93,43,1.5
446,Gizo,SB,2021-04-02 18:01:01,-8.103,156.8419,82.08,75,99,1.16
447,Mamakan,RU,2021-04-02 18:01:01,57.8161,114.0028,17.26,95,100,2.04
448,Camacha,PT,2021-04-02 18:01:02,33.0833,-16.3333,64.4,63,75,11.5
449,Katherine,AU,2021-04-02 18:01:02,-14.4667,132.2667,75.2,78,92,5.75
450,Toamasina,MG,2021-04-02 18:01:02,-18.1667,49.3833,78.8,69,40,6.91
451,Ardesen,TR,2021-04-02 18:01:03,41.1911,40.9875,48.2,93,75,1.14
452,Rocha,UY,2021-04-02 17:57:57,-34.4833,-54.3333,71.49,62,30,10.18
453,Napierville,CA,2021-04-02 18:01:03,45.1865,-73.4047,32.0,55,100,4.61
454,Port Victoria,KE,2021-04-02 18:01:04,0.0939,33.9756,67.24,84,100,14.34
455,Konya,TR,2021-04-02 18:01:04,38.1667,32.5,48.2,66,40,2.3
456,Mozarlandia,BR,2021-04-02 18:01:04,-14.7447,-50.5706,92.52,42,47,3.2
457,Wajir,KE,2021-04-02 18:01:05,1.7471,40.0573,93.2,40,0,12.1
458,Dingle,PH,2021-04-02 17:57:49,10.9995,122.6711,75.4,89,100,6.85
459,San Juan,AR,2021-04-02 18:01:05,-31.5375,-68.5364,83.43,30,5,8.63
460,Nuevo Progreso,MX,2021-04-02 18:01:06,23.1667,-97.95,71.01,61,100,4.0
461,Kaeo,NZ,2021-04-02 18:01:06,-35.1,173.7833,57.99,91,54,4.0
462,Ust-Kulom,RU,2021-04-02 18:01:07,61.6864,53.6902,22.01,97,80,2.59
463,Babati,TZ,2021-04-02 18:01:07,-4.2167,35.75,63.64,89,100,2.93
464,Hualmay,PE,2021-04-02 18:01:07,-11.0964,-77.6139,74.12,72,28,9.1
465,Marienburg,PL,2021-04-02 18:01:08,54.0359,19.0266,43.0,100,56,6.08
466,Ahipara,NZ,2021-04-02 18:01:08,-35.1667,173.1667,63.75,82,55,11.25
467,Aklavik,CA,2021-04-02 18:01:09,68.2191,-135.0107,-16.6,76,100,2.3
468,Tiznit,MA,2021-04-02 18:01:09,29.5833,-9.5,64.65,56,100,7.72
469,Jabinyanah,TN,2021-04-02 18:01:09,35.035,10.9081,86.0,12,0,13.8
470,Cholet,FR,2021-04-02 18:01:10,47.1667,-1.0,60.8,44,0,11.5
471,Jalu,LY,2021-04-02 18:01:10,29.0331,21.5482,66.22,23,0,5.82
472,Oussouye,SN,2021-04-02 18:01:10,12.485,-16.5469,95.0,73,0,6.91
473,Vila Velha,BR,2021-04-02 18:00:29,-20.3297,-40.2925,78.8,73,20,10.36
474,Port Blair,IN,2021-04-02 18:01:11,11.6667,92.75,77.5,69,95,5.21
475,Loiza,PR,2021-04-02 18:01:11,18.4313,-65.8802,82.4,69,40,11.5
476,Matara,LK,2021-04-02 18:01:12,5.9485,80.5353,79.99,87,37,9.86
477,Kosa,RU,2021-04-02 18:01:12,59.9445,54.9977,31.08,91,100,3.91
478,Ko Samui,TH,2021-04-02 18:01:13,9.5357,99.9357,83.1,71,34,10.71
479,Kirovskiy,RU,2021-04-02 18:01:13,45.0917,133.5136,43.83,54,100,10.78
480,San Policarpo,PH,2021-04-02 18:01:14,12.1791,125.5072,81.3,71,54,12.28
481,Nelson Bay,AU,2021-04-02 18:01:14,-32.7167,152.15,59.0,100,9,4.61
482,Lixourion,GR,2021-04-02 18:01:14,38.2019,20.4314,60.8,77,20,4.61
483,Pontes E Lacerda,BR,2021-04-02 17:58:12,-15.2261,-59.3353,82.47,76,96,2.53
484,Yarke Pole,UA,2021-04-02 18:01:15,45.608,34.3172,46.42,77,39,12.86
485,Skeldon,GY,2021-04-02 18:01:15,5.8833,-57.1333,83.84,65,70,8.23
486,Nemuro,JP,2021-04-02 18:01:15,43.3236,145.575,37.31,85,94,15.68
487,Poltavka,RU,2021-04-02 18:01:16,54.3663,71.7632,28.24,80,43,15.66
488,Changde,CN,2021-04-02 18:01:16,29.0464,111.6783,50.97,84,100,9.8
489,Pochutla,MX,2021-04-02 18:01:16,15.7432,-96.4661,93.0,52,1,11.5
490,Banfora,BF,2021-04-02 17:59:11,10.6333,-4.7667,97.5,6,23,4.07
491,Quelimane,MZ,2021-04-02 18:01:17,-17.8786,36.8883,78.8,78,40,4.61
492,Troitsko-Pechorsk,RU,2021-04-02 18:01:17,62.7084,56.1964,24.8,95,74,4.63
493,Coihaique,CL,2021-04-02 18:01:17,-45.5752,-72.0662,60.8,67,75,11.5
494,Olinda,BR,2021-04-02 18:01:18,-8.0089,-34.8553,84.2,58,20,8.05
495,Tinskoy,RU,2021-04-02 18:01:18,56.1525,96.9161,33.98,66,97,13.85
496,Tulsipur,NP,2021-04-02 18:01:19,28.131,82.2973,66.2,9,0,7.85
497,Svetlogorsk,BY,2021-04-02 18:01:19,52.6333,29.7333,40.26,59,66,7.18
498,Codrington,AU,2021-04-02 18:01:19,-38.2667,141.9667,64.89,41,0,10.89
499,San Cristobal,VE,2021-04-02 18:01:20,7.7669,-72.225,82.4,57,75,17.27
500,Porto Santo,PT,2021-04-02 18:01:20,33.072,-16.3415,64.4,63,75,11.5
501,Mao,ES,2021-04-02 18:01:20,39.8885,4.2658,60.8,88,75,8.05
502,Pottsville,US,2021-04-02 18:01:21,40.6857,-76.1955,39.99,35,94,7.0
503,Mapastepec,MX,2021-04-02 18:01:21,15.4333,-92.9,98.55,27,0,1.3
504,Nouakchott,MR,2021-04-02 18:01:21,18.0858,-15.9785,86.0,39,16,17.27
505,Adrar,MR,2021-04-02 18:01:22,20.5022,-10.0711,97.39,4,31,6.91
506,Isiro,CD,2021-04-02 18:00:25,2.7739,27.616,67.17,98,78,3.4
507,Auki,SB,2021-04-02 18:01:22,-8.7676,160.7034,76.91,86,82,3.85
508,Sucua,EC,2021-04-02 18:01:23,-2.4667,-78.1667,75.2,73,75,9.22
509,Agarak,AM,2021-04-02 18:01:23,39.2068,46.5446,49.06,64,22,3.83
510,Puerto Leguizamo,CO,2021-04-02 18:01:23,-0.1934,-74.7819,85.42,72,65,2.15
511,Hoa Binh,VN,2021-04-02 18:01:24,20.8133,105.3383,77.0,94,90,6.91
512,Irbil,IQ,2021-04-02 17:59:49,36.1926,44.0106,64.4,32,20,10.36
513,Praia,CV,2021-04-02 18:01:24,14.9215,-23.5087,82.4,32,0,19.57
514,Cururupu,BR,2021-04-02 18:01:24,-1.8283,-44.8683,84.63,67,94,5.01
515,Saint George,US,2021-04-02 17:58:30,37.1041,-113.5841,73.99,20,1,2.21
516,Salalah,OM,2021-04-02 17:58:33,17.0151,54.0924,82.4,83,0,4.61
517,Bosaso,SO,2021-04-02 18:01:25,11.2842,49.1816,80.26,67,3,1.72
518,Ajdabiya,LY,2021-04-02 18:01:25,30.7554,20.2263,62.04,38,0,3.09
519,Sciacca,IT,2021-04-02 18:01:26,37.5082,13.0881,59.0,51,44,3.0
520,Elko,US,2021-04-02 17:58:09,41.0002,-115.5012,64.0,23,1,5.82
521,Taoudenni,ML,2021-04-02 18:01:26,22.6783,-3.9836,98.85,6,7,6.62
522,Krasnoye,UA,2021-04-02 18:01:27,49.9145,24.6134,46.4,42,0,6.71
523,Itoman,JP,2021-04-02 17:58:06,26.1247,127.6694,71.6,94,20,4.61
524,Khudumelapye,BW,2021-04-02 18:01:27,-23.8833,24.75,80.89,28,60,3.58
525,Tautira,PF,2021-04-02 18:01:27,-17.7333,-149.15,82.4,74,20,3.44
526,Ibajay,PH,2021-04-02 18:01:28,11.8199,122.162,78.08,85,72,8.95
527,Matamoros,MX,2021-04-02 17:58:54,25.5333,-103.25,77.0,41,75,5.75
528,Khasan,RU,2021-04-02 18:01:28,42.4308,130.6434,42.4,86,100,3.96
529,Aguilar De La Frontera,ES,2021-04-02 18:01:29,37.5143,-4.6554,66.0,50,54,3.0
530,Tucumcari,US,2021-04-02 18:01:29,35.1717,-103.725,66.2,20,1,17.27
531,Kattivakkam,IN,2021-04-02 18:01:29,13.2167,80.3167,86.0,74,20,6.91
532,Tocache,PE,2021-04-02 18:01:29,-8.1842,-76.5125,80.47,87,95,0.45
533,Jiujiang,CN,2021-04-02 18:01:30,29.7333,115.9833,55.92,91,100,9.48
534,Ponerihouen,NC,2021-04-02 18:01:30,-21.0833,165.4,73.04,93,100,4.36
535,Taft,IR,2021-04-02 18:01:31,31.7471,54.2088,75.2,31,20,2.3
536,Labytnangi,RU,2021-04-02 18:01:31,66.6572,66.4183,30.11,98,100,2.71
537,Bagdarin,RU,2021-04-02 18:01:31,54.4333,113.6,13.96,78,11,4.07
538,Viedma,AR,2021-04-02 18:01:32,-40.8135,-62.9967,79.54,31,56,13.76
539,Cabedelo,BR,2021-04-02 18:01:32,-6.9811,-34.8339,87.8,55,0,11.5
540,Bejar,ES,2021-04-02 18:01:32,40.3864,-5.7634,57.0,79,80,1.99
541,Berlevag,NO,2021-04-02 18:01:33,70.8578,29.0864,28.92,79,81,3.22
542,Louga,RU,2021-04-02 18:01:33,58.7372,29.8453,33.62,90,94,3.62
543,Butembo,CD,2021-04-02 18:01:33,0.15,29.2833,58.26,95,95,3.04
544,Sistranda,NO,2021-04-02 18:01:34,63.7256,8.834,37.4,75,75,18.41
545,Tilichiki,RU,2021-04-02 18:01:34,60.4667,166.1,1.04,95,94,4.25
546,Scotts Valley,US,2021-04-02 18:01:34,37.0511,-122.0147,66.0,66,22,1.99
547,Kirakira,SB,2021-04-02 18:01:35,-10.4544,161.9205,79.21,82,100,2.39
548,Puerto Del Rosario,ES,2021-04-02 18:01:35,28.5004,-13.8627,68.0,73,20,12.66
549,Zhigansk,RU,2021-04-02 18:01:35,66.7697,123.3711,-4.9,99,100,4.16
550,Mbour,SN,2021-04-02 18:01:36,14.422,-16.9638,87.8,40,7,8.05
551,La Ronge,CA,2021-04-02 18:01:36,55.1001,-105.2842,39.2,48,40,18.41
552,Ferrol,ES,2021-04-02 18:01:37,43.4832,-8.2369,59.0,87,78,3.0
553,Sanandaj,IR,2021-04-02 18:01:37,35.3144,46.9923,54.09,41,0,5.06
554,Olga,RU,2021-04-02 18:01:37,43.7444,135.2892,38.48,65,100,4.43
555,San Fernando,PH,2021-04-02 18:01:38,15.0286,120.6898,75.2,69,40,2.3
556,Kendari,ID,2021-04-02 18:01:38,-3.945,122.4989,75.36,92,100,2.98
557,Havre-Saint-Pierre,CA,2021-04-02 18:01:38,50.2334,-63.5986,32.0,93,90,12.66
558,Mega,ET,2021-04-02 18:01:38,4.05,38.3,65.68,70,57,6.98
559,Iquitos,PE,2021-04-02 18:01:39,-3.7481,-73.2472,86.0,70,75,4.61
560,Koulamoutou,GA,2021-04-02 18:01:39,-1.1303,12.4736,77.02,83,84,1.39
561,Karasuk,RU,2021-04-02 18:01:39,53.7377,78.0403,29.84,87,100,16.06
562,Sabha,LY,2021-04-02 18:01:40,27.0377,14.4283,72.23,18,0,5.61
563,Aleksandrovsk-Sakhalinskiy,RU,2021-04-02 18:01:40,50.8975,142.1561,37.56,69,100,22.24
564,Yongan,CN,2021-04-02 18:01:40,39.6957,113.6871,42.94,48,100,6.73
565,Chabahar,IR,2021-04-02 18:01:41,25.2919,60.643,80.35,61,0,9.6
566,Simao,CN,2021-04-02 18:01:41,22.7886,100.9748,65.28,29,0,1.19
567,Sabang,ID,2021-04-02 18:01:41,5.8933,95.3214,82.6,76,99,16.62
568,Ellsworth,US,2021-04-02 17:56:57,44.5434,-68.4195,41.0,52,1,6.91
569,Grafton,US,2021-04-02 17:59:57,42.207,-71.6856,37.99,40,75,12.66
570,Kutum,SD,2021-04-02 18:01:42,14.2,24.6667,77.05,12,6,14.56
571,Ural,RU,2021-04-02 18:01:42,55.9078,94.7464,32.54,66,100,17.16
572,Komsomolskiy,UZ,2021-04-02 18:01:43,40.4272,71.7189,42.8,39,0,9.22
573,Herat,AF,2021-04-02 18:01:43,34.5,62.0,66.2,27,0,3.44
574,Tchollire,CM,2021-04-02 18:01:43,8.4022,14.1698,88.81,11,25,3.27
575,Ahuimanu,US,2021-04-02 18:01:44,21.4447,-157.8378,71.6,73,20,6.91
576,Lazaro Cardenas,MX,2021-04-02 18:00:39,17.9583,-102.2,90.39,38,3,9.64
